<?xml version="1.0" encoding="UTF-8"?>
<!DOCTYPE fontscolors PUBLIC "-//NetBeans//DTD Editor Fonts and Colors settings 1.1//EN" "http://www.netbeans.org/dtds/EditorFontsColors-1_1.dtd">
<fontscolors>
    <fontcolor foreColor="lightGray" name="identifier"/>
    <fontcolor default="field" foreColor="yellow" name="markup-attribute"/>
    <fontcolor default="identifier" foreColor="gray" name="method"/>
    <fontcolor foreColor="green" name="string"/>
    <fontcolor default="keyword" name="markup-element"/>
    <fontcolor default="string" name="markup-attribute-value"/>
    <fontcolor name="error" waveUnderlined="red"/>
    <fontcolor default="default" foreColor="black" name="entity-reference">
        <font style="bold"/>
    </fontcolor>
    <fontcolor name="separator"/>
    <fontcolor foreColor="pink" name="operator"/>
    <fontcolor name="url" underline="orange"/>
    <fontcolor foreColor="cyan" name="number"/>
    <fontcolor bgColor="ff003333" foreColor="ff009966" name="default">
        <font name="Consolas" size="16"/>
    </fontcolor>
    <fontcolor default="identifier" foreColor="gray" name="field"/>
    <fontcolor foreColor="orange" name="char"/>
    <fontcolor name="warning" waveUnderlined="yellow"/>
    <fontcolor foreColor="ff006666" name="comment"/>
    <fontcolor foreColor="white" name="keyword"/>
    <fontcolor foreColor="black" name="whitespace"/>
</fontscolors>
