<?xml version="1.0" encoding="UTF-8"?>
<!DOCTYPE fontscolors PUBLIC "-//NetBeans//DTD Editor Fonts and Colors settings 1.1//EN" "http://www.netbeans.org/dtds/EditorFontsColors-1_1.dtd">
<fontscolors>
    <fontcolor name="org-netbeans-modules-cnd-navigation-overrides"/>
    <fontcolor bgColor="ffdcdcd8" name="Dbx_Bpt_cmpx_hit_dis"/>
    <fontcolor bgColor="fffc9d9f" name="Dbx_Bpt"/>
    <fontcolor bgColor="ffdcdcd8" name="DisabledFunctionBreakpoint"/>
    <fontcolor bgColor="ffe9ffe6" name="CurrentExpressionLine_CBP"/>
    <fontcolor bgColor="fffc9d9f" name="FunctionBreakpoint"/>
    <fontcolor name="org-netbeans-spi-editor-hints-parser_annotation_todo_fixable"/>
    <fontcolor name="org-netbeans-spi-editor-hints-parser_annotation_warn"/>
    <fontcolor name="OtherThreads"/>
    <fontcolor name="org-netbeans-modules-mercurial-Annotation"/>
    <fontcolor name="org-netbeans-spi-editor-hints-parser_annotation_warn_fixable"/>
    <fontcolor name="org-netbeans-spi-editor-hints-parser_annotation_err_fixable"/>
    <fontcolor name="org-netbeans-modules-versioning-annotate-Annotation"/>
    <fontcolor name="org-netbeans-spi-editor-hints-parser_annotation_verifier"/>
    <fontcolor name="org-netbeans-spi-editor-hints-parser_annotation_hint"/>
    <fontcolor name="org-netbeans-modules-subversion-Annotation"/>
    <fontcolor name="org-netbeans-modules-cnd-navigation-specializes"/>
    <fontcolor bgColor="ffbde6aa" name="Dbx_PC"/>
    <fontcolor name="org-netbeans-modules-editor-annotations-has_implementations"/>
    <fontcolor bgColor="ffbde6aa" name="Dbx_Bpt_cmpx_hit_broken"/>
    <fontcolor name="org-netbeans-modules-editor-annotations-implements"/>
    <fontcolor name="BreakpointCheck"/>
    <fontcolor bgColor="fffc9d9f" name="AddressBreakpoint"/>
    <fontcolor bgColor="fffc9d9f" name="Dbx_Bpt_compound"/>
    <fontcolor name="org-netbeans-modules-editor-annotations-override-is-overridden-combined"/>
    <fontcolor bgColor="ffdcdcd8" name="FunctionBreakpoint_broken"/>
    <fontcolor name="org-netbeans-modules-editor-annotations-is_overridden"/>
    <fontcolor bgColor="ffdcdcd8" name="Dbx_Bpt_hit_dis"/>
    <fontcolor name="org-netbeans-modules-cnd-navigation-is_overridden_pseudo"/>
    <fontcolor bgColor="ffdcdcd8" name="Dbx_Bpt_cmpx_broken_dis"/>
    <fontcolor bgColor="ffe9ffe6" name="CurrentExpressionLine_DCBP"/>
    <fontcolor bgColor="ffe9ffe6" name="CurrentExpressionLine_BP"/>
    <fontcolor name="org-netbeans-modules-git-Annotation"/>
    <fontcolor name="org-netbeans-modules-cnd-navigation-is_overridden_combined_pseudo"/>
    <fontcolor name="org-netbeans-modules-cnd-navigation-extended_specializes"/>
    <fontcolor bgColor="fffc9d9f" name="Dbx_Bpt_cmpx_broken"/>
    <fontcolor name="org-netbeans-modules-cnd-navigation-extended_is_specialized"/>
    <fontcolor bgColor="fffc9d9f" name="CondFuncBreakpoint"/>
    <fontcolor name="org-netbeans-spi-editor-hints-parser_annotation_hint_fixable"/>
    <fontcolor bgColor="ffdcdcd8" name="Dbx_Bpt_cmpx_dis"/>
    <fontcolor bgColor="ffe7e1ef" name="CallSiteCurrentContext"/>
    <fontcolor bgColor="ffe9ffe6" name="CurrentExpressionLine_DBP"/>
    <fontcolor bgColor="fffc9d9f" name="CondAddrBreakpoint"/>
    <fontcolor name="org-netbeans-modules-cnd-cpp-parser_annotation_err" waveUnderlined="red"/>
    <fontcolor name="editor-bookmark"/>
    <fontcolor bgColor="ffdcdcd8" name="DisabledCondAddrBreakpoint"/>
    <fontcolor name="org-netbeans-modules-editor-annotations-overrides"/>
    <fontcolor bgColor="ffdcdcd8" name="DisabledCondFuncBreakpoint"/>
    <fontcolor name="OtherThread"/>
    <fontcolor name="org-netbeans-spi-editor-hints-parser_annotation_todo"/>
    <fontcolor name="BreakpointCheck_broken"/>
    <fontcolor name="org-netbeans-modules-cnd-navigation-overrides_pseudo"/>
    <fontcolor name="org-netbeans-spi-editor-hints-parser_annotation_verifier_fixable"/>
    <fontcolor name="org-netbeans-spi-editor-hints-parser_annotation_err"/>
    <fontcolor bgColor="ffbde6aa" name="Dbx_Bpt_hit_broken"/>
    <fontcolor name="org-netbeans-modules-editor-annotations-implements-has-implementations-combined"/>
    <fontcolor bgColor="ffd1ffbc" name="CurrentExpression"/>
    <fontcolor bgColor="fffc9d9f" name="Dbx_Bpt_cmpx"/>
    <fontcolor name="org-netbeans-modules-editor-annotations-implements-is-overridden-combined"/>
    <fontcolor bgColor="ffffa0a0" name="org-netbeans-modules-xml-error"/>
    <fontcolor bgColor="ffdcdcd8" name="Dbx_Bpt_cmpx_hit_broken_dis"/>
    <fontcolor bgColor="ffe7e1ef" name="CallSite"/>
    <fontcolor name="org-netbeans-modules-cnd-navigation-is_specialized"/>
    <fontcolor bgColor="fffc9d9f" name="Dbx_Bpt_broken"/>
    <fontcolor name="org-netbeans-modules-cnd-highligh-semantic-markoccurrences"/>
    <fontcolor name="BreakpointCheck_BL_broken"/>
    <fontcolor bgColor="ffe7e1ef" name="CallSiteCurrentContextException"/>
    <fontcolor bgColor="ffbde6aa" name="Dbx_Bpt_compound_hit"/>
    <fontcolor bgColor="ffdcdcd8" name="Dbx_Bpt_hit_broken_dis"/>
    <fontcolor name="org-netbeans-modules-cnd-navigation-is_overridden_combined"/>
    <fontcolor bgColor="ffbde6aa" name="Dbx_Bpt_cmpx_hit"/>
    <fontcolor bgColor="ffdcdcd8" name="Dbx_Bpt_dis"/>
    <fontcolor bgColor="ffdcdcd8" name="Dbx_Bpt_broken_dis"/>
    <fontcolor bgColor="ffe9ffe6" name="CurrentExpressionLine"/>
    <fontcolor bgColor="ffbde6aa" name="Dbx_Bpt_hit"/>
    <fontcolor name="org-netbeans-modules-cnd-navigation-is_overridden"/>
    <fontcolor bgColor="ffdcdcd8" name="DisabledAddressBreakpoint"/>
</fontscolors>
